insured_address_state,Industry Code,Category,input_gl_revenue,input_gl_employee,input_gl_gl_limit,input_gl_gl_deductible,input_property_bldg_limit,input_property_num_claims,input_property_town_grade,input_property_content_limit,input_property_bldg_deductible,input_property_cont_deductible,input_property_construction_class,output_premium_crime_prem,output_premium_eq_premium,output_premium_ebi_premium,output_premium_bldg_premium,output_premium_flood_premium,output_premium_content_premium,output_premium_on_prem_gl_prem,output_premium_products_gl_prem,output_premium_business_interuption_prem,output_premium_total_total_prem,output_debug_sd_factor_bi,output_debug_sd_factor_gl,output_debug_sd_factor_prop,vlookup for column P
Ontario,6412,B&P Services,"$500,000.00",6,"$3,000,000.00","$10,000.00",0,0,4,"$1,000,000.00","$1,000.00","$5,000.00",4,$114.84,$0.00,$378.40,$0.00,$0.00,"$1,194.37",$200.00,$383.63,$0.00,"$2,271.24",1,1,1,$0.00
Ontario,6412,B&P Services,"$200,000.00",2,"$2,000,000.00","$1,000.00",0,0,4,"$500,000.00","$1,000.00","$1,000.00",4,$56.30,$0.00,$305.00,$0.00,$0.00,$731.95,$90.00,$151.80,$0.00,"$1,335.06",1,1,1,$0.00
Ontario,7220,B&P Services,"$300,000.00",2,"$2,000,000.00","$1,000.00",0,0,4,"$250,000.00","$1,000.00","$1,000.00",4,$129.17,$0.00,$210.00,$0.00,$58.09,$546.48,$90.00,$300.15,$0.00,"$1,275.80",1,1,1,$0.00
Ontario,6411,B&P Services,"$100,000.00",2,"$2,000,000.00","$1,000.00",0,0,4,"$25,000.00","$1,000.00","$1,000.00",2,$412.79,$0.82,$79.00,$0.00,$0.00,$240.27,$332.30,$0.00,$184.82,"$1,250.00",1,1,1,$0.82
Ontario,6022,B&P Services,"$100,000.00",6,"$2,000,000.00","$1,000.00",0,0,3,"$25,000.00","$1,000.00","$1,000.00",5,$325.04,$0.69,$79.00,$0.00,$0.00,$319.26,$162.60,$44.15,$319.26,"$1,250.00",1,1,1,$0.69
Ontario,6021,B&P Services,"$100,000.00",6,"$2,000,000.00","$1,000.00",0,0,3,"$25,000.00","$1,000.00","$1,000.00",5,$324.47,$0.67,$79.00,$0.00,$2.08,$318.70,$162.31,$44.08,$318.70,"$1,250.00",1,1,1,$0.67
Ontario,6022,B&P Services,"$60,000.00",6,"$2,000,000.00","$1,000.00",0,0,3,"$25,000.00","$1,000.00","$1,000.00",4,$620.66,$1.33,$79.00,$0.00,$0.00,$195.08,$186.29,$50.59,$117.05,"$1,250.00",1,1,1,$1.33
Ontario,7293,B&P Services,"$500,000.00",2,"$2,000,000.00","$1,000.00",0,0,3,"$50,000.00","$1,000.00","$1,000.00",2,$94.32,$1.37,$84.00,$0.00,$0.00,$109.80,$522.02,$195.76,$242.73,"$1,250.00",1.02375,0.952448372,0.890568,$1.37
Ontario,6411,B&P Services,"$100,000.00",1,"$2,000,000.00","$1,000.00",0,0,4,"$25,000.00","$1,000.00","$1,000.00",4,$140.02,$2.28,$79.00,$0.00,$0.00,$352.08,$405.79,$0.00,$270.83,"$1,250.00",1,1,1,$2.28
Ontario,6411,B&P Services,"$250,000.00",6,"$1,000,000.00","$1,000.00",0,0,3,"$25,000.00","$1,000.00","$1,000.00",4,$432.17,$1.44,$79.00,$0.00,$0.00,$135.84,$340.34,$0.00,$261.22,"$1,250.00",1,1,1,$1.44
Ontario,6411,B&P Services,"$123,232.00",6,"$2,000,000.00","$1,000.00",0,0,4,"$25,000.00","$1,000.00","$1,000.00",4,$564.13,$2.19,$79.00,$0.00,$7.46,$177.31,$251.83,$0.00,$168.08,"$1,250.00",1,1,1,$2.19
Ontario,6021,B&P Services,"$100,000.00",6,"$2,000,000.00","$1,000.00",0,0,3,"$100,000.00","$1,000.00","$1,000.00",4,$384.99,$6.27,$100.00,$0.00,$0.00,$411.08,$192.59,$52.30,$102.77,"$1,250.00",1,1,1,$6.27
Ontario,6411,B&P Services,"$100,000.00",1,"$1,000,000.00","$1,000.00",0,0,4,"$100,000.00","$1,000.00","$1,000.00",4,$129.45,$5.41,$100.00,$0.00,$64.63,$673.14,$78.80,$198.58,$0.00,"$1,250.00",1,1,1,$5.41
Ontario,7296,B&P Services,"$200,000.00",2,"$1,000,000.00","$1,000.00",0,0,4,"$25,000.00","$1,000.00","$1,000.00",4,$200.28,$1.40,$79.00,$0.00,$0.00,$139.89,$393.54,$111.95,$323.93,"$1,250.00",0.92625,0.81306225,0.8,$1.40
Ontario,7296,B&P Services,"$200,000.00",2,"$2,000,000.00","$1,000.00",0,0,4,"$25,000.00","$1,000.00","$1,000.00",2,$201.43,$1.41,$79.00,$0.00,$0.00,$117.24,$447.85,$127.40,$275.67,"$1,250.00",0.9405,0.8,0.8,$1.41
Ontario,7297,B&P Services,"$100,000.00",2,"$2,000,000.00","$1,000.00",0,1,4,"$50,000.00","$1,000.00","$1,000.00",4,$170.79,$2.39,$84.00,$0.00,$0.00,$357.88,$357.32,$67.77,$209.84,"$1,250.00",0.93814875,1.00372041,0.8,$2.39
Ontario,8111,B&P Services,"$200,000.00",2,"$1,000,000.00","$1,000.00",0,0,3,"$25,000.00","$1,000.00","$1,000.00",4,$277.41,$2.62,$79.00,$0.00,$0.00,$193.76,$394.45,$0.00,$302.76,"$1,250.00",0.975,0.975,0.96,$2.62
Ontario,8918,B&P Services,"$50,000.00",1,"$2,000,000.00","$1,000.00",0,0,3,"$25,000.00","$1,000.00","$1,000.00",2,$187.50,$5.17,$79.00,$0.00,$0.00,$392.89,$289.07,$142.89,$153.47,"$1,250.00",0.975,0.975,0.96,$5.17
Ontario,8916,B&P Services,"$1,000,000.00",2,"$2,000,000.00","$1,000.00",0,0,2,"$25,000.00","$1,000.00","$1,000.00",2,$86.40,$0.19,$79.00,$0.00,$0.00,$50.29,$908.21,$0.00,$392.89,"$1,516.98",0.975,0.975,0.96,$0.19
Ontario,7296,B&P Services,"$500,000.00",2,"$3,000,000.00","$1,000.00",0,0,3,"$25,000.00","$1,000.00","$1,000.00",4,$88.98,$2.99,$79.00,$0.00,$0.00,$62.15,$545.97,$155.32,$315.59,"$1,250.00",0.975,0.975,0.96,$2.99
Ontario,7405,B&P Services,"$100,000.00",6,"$1,000,000.00","$1,000.00",0,0,3,"$25,000.00","$1,000.00","$1,000.00",2,$671.21,$2.25,$79.00,$0.00,$0.00,$135.24,$224.96,$0.00,$137.35,"$1,250.00",0.975,0.975,0.96,$2.25
Ontario,7405,B&P Services,"$100,000.00",6,"$2,000,000.00","$1,000.00",0,0,3,"$500,000.00","$1,000.00","$1,000.00",2,$235.86,$15.79,$326.00,$0.00,$0.00,$553.34,$90.91,$0.00,$28.10,"$1,250.00",0.975,0.975,0.96,$15.79
Ontario,7392,B&P Services,"$100,000.00",2,"$1,000,000.00","$1,000.00",0,0,4,"$25,000.00","$1,000.00","$1,000.00",4,$299.48,$2.25,$79.00,$0.00,$0.00,$160.90,$354.85,$190.10,$163.42,"$1,250.00",0.975,0.975,0.96,$2.25
Ontario,7312,B&P Services,"$100,000.00",6,"$1,000,000.00","$1,000.00",0,0,3,"$500,000.00","$1,000.00","$1,000.00",4,$172.15,$13.83,$326.00,$0.00,$0.00,$630.01,$69.72,$0.00,$38.30,"$1,250.00",0.9725625,0.8,0.8,$13.83
Ontario,7392,B&P Services,"$100,000.00",6,"$1,000,000.00","$1,000.00",0,0,4,"$500,000.00","$1,000.00","$1,000.00",4,$190.54,$15.48,$326.00,$0.00,$0.00,$536.41,$100.03,$53.59,$27.95,"$1,250.00",0.833625,0.8,0.8,$15.48
Ontario,7296,B&P Services,"$100,000.00",2,"$2,000,000.00","$1,000.00",0,0,3,"$25,000.00","$1,000.00","$1,000.00",5,$170.28,$2.07,$79.00,$0.00,$2.53,$371.68,$192.26,$54.69,$377.49,"$1,250.00",0.975,0.975,0.96,$2.07
Ontario,8291,B&P Services,"$100,000.00",6,"$2,000,000.00","$5,000.00",0,0,3,"$500,000.00","$1,000.00","$1,000.00",2,$200.00,$8.65,$326.00,$0.00,$63.45,$774.18,$93.15,$0.00,$23.46,"$1,488.89",1,1,1,$8.65
Ontario,6021,B&P Services,"$500,000.00",6,"$2,000,000.00","$1,000.00",0,0,3,"$25,000.00","$1,000.00","$1,000.00",5,$200.00,$0.43,$79.00,$0.00,$5.13,$196.44,$500.25,$135.84,$982.21,"$2,099.31",1,1,1,$0.43
Ontario,6415,B&P Services,"$10,000.00",2,"$2,000,000.00","$1,000.00",0,0,3,"$25,000.00","$1,000.00","$1,000.00",4,$623.73,$5.91,$79.00,$0.00,$21.99,$435.65,$50.21,$0.00,$33.51,"$1,250.00",1,1,1,$5.91
Ontario,6411,B&P Services,"$1,111,111.00",2,"$2,000,000.00","$1,000.00",0,0,3,"$25,000.00","$1,000.00","$1,000.00",4,$90.00,$0.64,$79.00,$0.00,$0.00,$62.86,$805.00,$0.00,$537.28,"$1,574.78",1,1,1,$0.64
Ontario,7392,B&P Services,"$100,000.00",6,"$2,000,000.00","$1,000.00",0,0,3,"$25,000.00","$1,000.00","$1,000.00",4,$485.39,$0.85,$79.00,$0.00,$0.00,$117.36,$293.06,$156.99,$117.36,"$1,250.00",1,1,1,$0.85
Ontario,6021,B&P Services,"$100,000.00",2,"$2,000,000.00","$1,000.00",0,0,3,"$25,000.00","$1,000.00","$1,000.00",4,$306.58,$2.77,$79.00,$0.00,$0.00,$214.14,$340.82,$92.55,$214.14,"$1,250.00",1,1,1,$2.77
Ontario,6021,B&P Services,"$100,000.00",2,"$2,000,000.00","$1,000.00",0,0,3,"$25,000.00","$1,000.00","$1,000.00",4,$306.60,$1.03,$79.00,$0.00,$1.68,$214.15,$340.84,$92.56,$214.15,"$1,250.00",1,1,1,$1.03
Ontario,6021,B&P Services,"$100,000.00",6,"$2,000,000.00","$1,000.00",0,0,3,"$25,000.00","$1,000.00","$1,000.00",4,$516.14,$2.10,$79.00,$0.00,$0.00,$162.23,$258.20,$70.11,$162.23,"$1,250.00",1,1,1,$2.10
Ontario,7297,B&P Services,"$123,333.00",6,"$2,000,000.00","$1,000.00",0,0,3,"$25,000.00","$1,000.00","$1,000.00",4,$469.04,$1.01,$79.00,$0.00,$0.00,$147.42,$289.38,$82.32,$181.82,"$1,250.00",1,1,1,$1.01
Ontario,737,B&P Services,"$100,000.00",2,"$2,000,000.00","$1,000.00",0,0,3,"$25,000.00","$1,000.00","$1,000.00",4,$297.70,$2.39,$79.00,$0.00,$0.00,$207.93,$330.94,$124.10,$207.93,"$1,250.00",1,1,1,$2.39
Ontario,737,B&P Services,"$100,000.00",6,"$2,000,000.00","$1,000.00",0,0,3,"$25,000.00","$1,000.00","$1,000.00",4,$495.22,$1.64,$79.00,$0.00,$22.21,$155.65,$247.73,$92.90,$155.65,"$1,250.00",1,1,1,$1.64
Ontario,737,B&P Services,"$200,000.00",2,"$2,000,000.00","$1,000.00",0,0,3,"$25,000.00","$1,000.00","$1,000.00",4,$190.11,$1.36,$79.00,$0.00,$0.00,$132.78,$422.68,$158.50,$265.57,"$1,250.00",1,1,1,$1.36
Ontario,737,B&P Services,"$200,000.00",2,"$2,000,000.00","$1,000.00",0,0,3,"$25,000.00","$1,000.00","$1,000.00",4,$190.14,$1.15,$79.00,$0.00,$0.00,$132.81,$422.75,$158.53,$265.62,"$1,250.00",1,1,1,$1.15
Ontario,737,B&P Services,"$200,000.00",1,"$2,000,000.00","$1,000.00",0,0,3,"$25,000.00","$1,000.00","$1,000.00",5,$32.88,$1.08,$79.00,$0.00,$0.00,$258.38,$263.19,$98.70,$516.77,"$1,250.00",1,1,1,$1.08
Alberta,6411,B&P Services,"$200,000.00",1,"$2,000,000.00","$1,000.00",0,0,3,"$25,000.00","$1,000.00","$1,000.00",5,$43.78,$0.13,$79.00,$0.00,$0.00,$344.03,$253.77,$0.00,$529.28,"$1,250.00",1,1,1,$0.13
New Brunswick,6411,B&P Services,"$300,000.00",2,"$2,000,000.00","$1,000.00",0,0,2,"$25,000.00","$1,000.00","$1,000.00",4,$204.27,$1.35,$79.00,$0.00,$0.14,$142.68,$493.32,$0.00,$329.25,"$1,250.00",1,1,1,$1.35
Ontario,8017,Health Serv.,"$100,000.00",6,"$2,000,000.00","$1,000.00",0,0,3,"$500,000.00","$1,000.00","$1,000.00",4,$200.00,$21.04,$326.00,$0.00,$25.63,$563.04,$266.80,$0.00,$28.15,"$1,430.66",1,1,1,$21.04
Ontario,8016,Health Serv.,"$100,000.00",6,"$2,000,000.00","$1,000.00",0,0,3,"$25,000.00","$1,000.00","$1,000.00",4,$408.87,$0.59,$79.00,$0.00,$26.37,$128.51,$507.81,$0.00,$98.85,"$1,250.00",1,1,1,$0.59
Ontario,8022,Health Serv.,"$100,000.00",6,"$1,000,000.00","$1,000.00",0,0,3,"$500,200.00","$1,000.00","$1,000.00",5,$160.00,$12.91,$326.05,$0.00,$25.64,"$1,830.61",$185.60,$0.00,$81.49,"$2,622.30",0.92625,0.8,0.8,$12.91
Ontario,8022,Health Serv.,"$100,000.00",6,"$1,000,000.00","$1,000.00",0,0,3,"$500,000.00","$1,000.00","$1,000.00",6,$160.00,$12.91,$326.00,$0.00,$25.63,"$1,829.88",$185.60,$0.00,$81.49,"$2,621.51",0.92625,0.8,0.8,$12.91
Ontario,8022,Health Serv.,"$100,000.00",6,"$2,000,000.00","$1,000.00",0,0,3,"$500,000.00","$1,000.00","$1,000.00",5,$160.00,$12.91,$326.00,$0.00,$0.00,"$1,829.88",$213.44,$0.00,$85.56,"$2,627.79",0.9725625,0.8,0.8,$12.91
Ontario,8022,Health Serv.,"$100,000.00",6,"$1,000,000.00","$1,000.00",0,0,3,"$500,000.00","$1,000.00","$1,000.00",4,$160.00,$12.91,$326.00,$0.00,$0.00,$585.56,$185.60,$0.00,$27.38,"$1,297.45",0.9725625,0.8,0.8,$12.91
Ontario,8024,Health Serv.,"$100,000.00",6,"$1,000,000.00","$1,000.00",0,0,4,"$500,000.00","$1,000.00","$1,000.00",4,$163.39,$11.39,$326.00,$0.00,$25.63,$597.97,$134.40,$0.00,$28.15,"$1,286.93",1,0.8,0.8169525,$11.39
Ontario,8025,Health Serv.,"$100,000.00",6,"$2,000,000.00","$5,000.00",0,0,3,"$500,000.00","$1,000.00","$1,000.00",4,$165.37,$5.84,$326.00,$0.00,$4.71,$605.21,$259.76,$0.00,$27.38,"$1,394.28",0.9725625,0.806715,0.826848,$5.84
Ontario,8026,Health Serv.,"$100,000.00",6,"$2,000,000.00","$5,000.00",0,0,3,"$500,000.00","$1,000.00","$1,000.00",5,$202.49,$12.85,$326.00,$0.00,$0.00,"$2,315.86",$221.65,$0.00,$88.19,"$3,167.04",1.0024875,1.095084375,1.0124625,$12.85
Ontario,8017,Health Serv.,"$100,000.00",6,"$2,000,000.00","$5,000.00",0,0,3,"$500,000.00","$1,000.00","$1,000.00",2,$181.06,$23.81,$326.00,$0.00,$29.00,$424.76,$241.53,$0.00,$23.83,"$1,250.00",0.89775,0.8,0.8,$23.81
Ontario,8017,Health Serv.,"$100,000.00",6,"$2,000,000.00","$5,000.00",0,0,3,"$500,000.00","$1,000.00","$1,000.00",4,$165.03,$21.70,$326.00,$0.00,$26.44,$464.60,$220.16,$0.00,$26.07,"$1,250.00",0.89775,0.8,0.8,$21.70
Ontario,8017,Health Serv.,"$100,000.00",6,"$2,000,000.00","$5,000.00",0,0,3,"$50,000.00","$1,000.00","$1,000.00",5,$246.92,$3.25,$84.00,$0.00,$3.96,$373.12,$329.39,$0.00,$209.36,"$1,250.00",0.89775,0.8,0.8,$3.25
Ontario,8024,Health Serv.,"$100,000.00",2,"$1,000,000.00","$1,000.00",0,0,9,"$25,000.00","$1,000.00","$1,000.00",5,$134.88,$1.13,$79.00,$0.00,$1.92,$441.60,$251.77,$0.00,$339.69,"$1,250.00",1,1,1,$1.13
Ontario,8029,Health Serv.,"$111,111.00",2,"$2,000,000.00","$1,000.00",0,0,3,"$250,000.00","$1,000.00","$1,000.00",2,$140.44,$6.44,$210.00,$0.00,$63.65,$430.69,$350.93,$0.00,$47.85,"$1,250.00",1,1,1,$6.44
Quebec,8016,Health Serv.,"$300,000.00",2,"$2,000,000.00","$1,000.00",0,0,1,"$25,000.00","$1,000.00","$1,000.00",4,$100.59,$2.14,$79.00,$0.00,$2.99,$70.26,$832.89,$0.00,$162.14,"$1,250.00",1,1,1,$2.14
Ontario,5811,Hospitality,"$333,333.00",1,"$1,000,000.00","$1,000.00",0,0,3,"$25,000.00","$1,000.00","$1,000.00",5,$25.00,$0.67,$79.00,$0.00,$3.17,$249.33,"$1,866.66",$0.00,$831.10,"$3,054.95",1,1,1,$0.67
Ontario,5811,Hospitality,"$300,000.00",1,"$2,000,000.00","$1,000.00",0,0,4,"$25,000.00","$1,000.00","$1,000.00",5,$25.00,$0.62,$79.00,$0.00,$0.00,$249.33,"$1,932.00",$0.00,$747.99,"$3,033.94",1,1,1,$0.62
Ontario,5811,Hospitality,"$300,000.00",2,"$2,000,000.00","$1,000.00",0,0,3,"$70,000.00","$1,000.00","$1,000.00",4,$90.00,$3.07,$88.00,$0.00,$0.00,$223.40,"$1,932.00",$0.00,$239.36,"$2,575.83",1,1,1,$3.07
Ontario,5811,Hospitality,"$300,000.00",2,"$2,000,000.00","$1,000.00",0,0,3,"$25,000.00","$1,000.00","$1,000.00",4,$90.00,$0.64,$79.00,$0.00,$0.00,$79.79,"$1,932.00",$0.00,$239.36,"$2,420.78",1,1,1,$0.64
Ontario,5811,Hospitality,"$300,000.00",1,"$2,000,000.00","$1,000.00",0,0,3,"$25,000.00","$1,000.00","$1,000.00",4,$25.00,$0.64,$79.00,$0.00,$0.00,$79.79,"$1,932.00",$0.00,$239.36,"$2,355.78",1,1,1,$0.64
Ontario,5811,Hospitality,"$200,000.00",2,"$2,000,000.00","$1,000.00",0,0,3,"$250,000.00","$1,000.00","$1,000.00",4,$90.00,$4.29,$210.00,$0.00,$51.26,$546.48,"$1,288.00",$0.00,$109.30,"$2,299.32",1,1,1,$4.29
Ontario,5811,Hospitality,"$150,000.00",6,"$3,000,000.00","$1,000.00",0,0,3,"$250,000.00","$1,000.00","$1,000.00",4,$200.00,$4.29,$210.00,$0.00,$51.26,$546.48,"$1,050.00",$0.00,$81.97,"$2,144.00",1,1,1,$4.29
Ontario,5811,Hospitality,"$200,000.00",2,"$1,000,000.00","$1,000.00",0,0,3,"$250,000.00","$1,000.00","$1,000.00",2,$90.00,$6.35,$210.00,$0.00,$0.00,$455.40,"$1,120.00",$0.00,$91.08,"$1,972.83",1,1,1,$6.35
Ontario,5814,Hospitality,"$500,000.00",2,"$2,000,000.00","$1,000.00",0,0,3,"$125,000.00","$1,000.00","$1,000.00",2,$90.00,$3.18,$136.50,$0.00,$0.00,$161.46,"$1,242.00",$0.00,$209.90,"$1,843.03",1,1,1,$3.18
Ontario,5813,Hospitality,"$300,000.00",2,"$2,000,000.00","$1,000.00",0,0,3,"$25,000.00","$1,000.00","$1,000.00",4,$90.00,$1.10,$79.00,$0.00,$5.13,$62.86,"$1,380.00",$0.00,$188.59,"$1,806.67",1,1,1,$1.10
Ontario,5811,Hospitality,"$200,000.00",2,"$2,000,000.00","$5,000.00",0,0,4,"$25,000.00","$1,000.00","$1,000.00",4,$90.00,$0.63,$79.00,$0.00,$0.00,$79.79,"$1,288.00",$0.00,$159.57,"$1,696.98",1,1,1,$0.63
Ontario,5811,Hospitality,"$200,000.00",1,"$2,000,000.00","$1,000.00",0,0,6,"$25,000.00","$1,000.00","$1,000.00",4,$25.00,$0.58,$79.00,$0.00,$3.03,$99.73,"$1,288.00",$0.00,$199.47,"$1,694.81",1,1,1,$0.58
Ontario,5811,Hospitality,"$200,000.00",1,"$1,000,000.00","$1,000.00",0,0,3,"$25,000.00","$1,000.00","$1,000.00",4,$25.00,$0.64,$79.00,$0.00,$0.00,$79.79,"$1,120.00",$0.00,$159.57,"$1,463.99",1,1,1,$0.64
Ontario,5814,Hospitality,"$250,000.00",2,"$5,000,000.00","$1,000.00",0,0,3,"$250,000.00","$1,000.00","$1,000.00",2,$86.40,$7.73,$210.00,$0.00,$36.30,$264.96,$737.10,$0.00,$87.46,"$1,429.95",0.975,0.975,0.96,$7.73
Ontario,5811,Hospitality,"$200,000.00",1,"$1,000,000.00","$1,000.00",0,0,3,"$25,000.00","$1,000.00","$1,000.00",2,$25.00,$0.64,$79.00,$0.00,$0.00,$66.49,"$1,120.00",$0.00,$132.98,"$1,424.10",1,1,1,$0.64
Ontario,5811,Hospitality,"$100,000.00",2,"$1,000,000.00","$1,000.00",0,0,3,"$250,000.00","$1,000.00","$1,000.00",2,$90.00,$4.28,$210.00,$0.00,$0.00,$455.40,$560.00,$0.00,$45.54,"$1,365.22",1,1,1,$4.28
Ontario,5814,Hospitality,"$250,000.00",2,"$5,000,000.00","$1,000.00",0,0,3,"$150,000.00","$1,000.00","$1,000.00",2,$86.40,$4.64,$173.00,$0.00,$21.78,$178.05,$737.10,$0.00,$97.95,"$1,298.92",0.975,0.975,0.96,$4.64
Ontario,5814,Hospitality,"$200,000.00",2,"$2,000,000.00","$1,000.00",0,0,3,"$25,000.00","$1,000.00","$1,000.00",2,$143.88,$1.02,$79.00,$0.00,$0.00,$64.42,$794.20,$0.00,$167.49,"$1,250.00",1,1,1,$1.02
Ontario,5814,Hospitality,"$100,000.00",6,"$2,000,000.00","$1,000.00",0,0,3,"$25,000.00","$1,000.00","$1,000.00",4,$418.02,$1.34,$79.00,$0.00,$0.00,$101.07,$519.18,$0.00,$131.39,"$1,250.00",1,1,1,$1.34
Ontario,5814,Hospitality,"$150,000.00",2,"$2,000,000.00","$1,000.00",0,0,3,"$25,000.00","$1,000.00","$1,000.00",4,$171.00,$7.18,$79.00,$0.00,$0.00,$91.87,$718.99,$0.00,$181.95,"$1,250.00",0.975,0.975,0.96,$7.18
Ontario,5811,Hospitality,"$25,000.00",2,"$2,000,000.00","$1,000.00",0,0,3,"$25,000.00","$1,000.00","$1,000.00",2,$272.41,$2.43,$79.00,$0.00,$0.00,$201.25,$630.83,$0.00,$64.08,"$1,250.00",1.018875,1.03558455,0.8,$2.43
Ontario,5811,Hospitality,"$250,000.00",2,"$2,000,000.00","$1,000.00",0,0,3,"$25,000.00","$1,000.00","$1,000.00",2,$72.00,$0.64,$79.00,$0.00,$0.00,$53.19,"$1,446.82",$0.00,$161.66,"$1,813.32",0.9725625,0.89864775,0.8,$0.64
Ontario,5811,Hospitality,"$250,000.00",2,"$2,000,000.00","$1,000.00",0,0,3,"$25,000.00","$1,000.00","$1,000.00",4,$86.40,$0.64,$79.00,$0.00,$0.00,$76.59,"$1,569.75",$0.00,$194.48,"$2,006.87",0.975,0.975,0.96,$0.64
Ontario,5811,Hospitality,"$109,000.00",2,"$1,000,000.00","$1,000.00",0,0,3,"$25,000.00","$1,000.00","$1,000.00",4,$119.94,$0.89,$79.00,$0.00,$0.00,$106.32,$826.14,$0.00,$117.70,"$1,250.00",0.975,0.975,0.96,$0.89
Ontario,5814,Hospitality,"$100,000.00",2,"$2,000,000.00","$1,000.00",0,0,3,"$50,000.00","$1,000.00","$1,000.00",4,$205.61,$17.27,$84.00,$0.00,$0.00,$220.94,$576.34,$0.00,$145.85,"$1,250.00",0.975,0.975,0.96,$17.27
Ontario,5811,Hospitality,"$200,000.00",2,"$2,000,000.00","$1,000.00",0,0,3,"$250,000.00","$1,000.00","$1,000.00",4,$86.40,$6.43,$210.00,$0.00,$0.00,$524.62,"$1,255.80",$0.00,$106.56,"$2,189.81",0.975,0.975,0.96,$6.43
Ontario,5813,Hospitality,"$250,000.00",2,"$2,000,000.00","$1,000.00",0,0,3,"$25,000.00","$1,000.00","$1,000.00",2,$86.40,$0.64,$79.00,$0.00,$0.00,$50.29,"$1,121.25",$0.00,$127.69,"$1,465.26",0.975,0.975,0.96,$0.64
Ontario,5811,Hospitality,"$250,000.00",1,"$1,000,000.00","$1,000.00",0,0,3,"$25,000.00","$1,000.00","$1,000.00",4,$24.00,$1.66,$79.00,$0.00,$0.00,$76.59,"$1,365.00",$0.00,$194.48,"$1,740.73",0.975,0.975,0.96,$1.66
Ontario,5814,Hospitality,"$550,000.00",11,"$2,000,000.00","$1,000.00",0,0,3,"$25,000.00","$1,000.00","$1,000.00",2,$312.00,$0.33,$79.00,$0.00,$2.56,$38.68,"$1,332.05",$0.00,$280.91,"$2,045.54",0.975,0.975,0.96,$0.33
Ontario,5814,Hospitality,"$100,000.00",2,"$2,000,000.00","$1,000.00",0,0,3,"$25,000.00","$1,000.00","$1,000.00",4,$231.55,$1.72,$79.00,$0.00,$0.00,$124.41,$649.06,$0.00,$164.26,"$1,250.00",0.975,0.975,0.96,$1.72
Ontario,5814,Hospitality,"$200,000.00",1,"$1,000,000.00","$1,000.00",0,0,3,"$25,000.00","$1,000.00","$1,000.00",2,$47.90,$1.27,$79.00,$0.00,$0.00,$77.21,$840.72,$0.00,$203.89,"$1,250.00",0.975,0.975,0.96,$1.27
Ontario,5813,Hospitality,"$100,000.00",2,"$2,000,000.00","$1,000.00",0,0,3,"$25,000.00","$1,000.00","$1,000.00",2,$158.85,$1.17,$79.00,$0.00,$0.00,$92.46,$824.61,$0.00,$93.91,"$1,250.00",0.975,0.975,0.96,$1.17
Ontario,5814,Hospitality,"$150,000.00",6,"$2,000,000.00","$1,000.00",0,0,3,"$25,000.00","$1,000.00","$1,000.00",4,$323.75,$1.37,$79.00,$0.00,$0.00,$78.28,$612.58,$0.00,$155.02,"$1,250.00",0.975,0.975,0.96,$1.37
Ontario,5814,Hospitality,"$100,000.00",6,"$2,000,000.00","$1,000.00",0,0,3,"$25,000.00","$1,000.00","$1,000.00",4,$414.40,$1.39,$79.00,$0.00,$0.00,$100.19,$522.73,$0.00,$132.29,"$1,250.00",0.975,0.975,0.96,$1.39
Ontario,5814,Hospitality,"$100,000.00",6,"$2,000,000.00","$1,000.00",0,0,3,"$25,000.00","$1,000.00","$1,000.00",4,$414.27,$1.76,$79.00,$0.00,$0.00,$100.16,$522.57,$0.00,$132.24,"$1,250.00",0.975,0.975,0.96,$1.76
Ontario,5814,Hospitality,"$200,000.00",2,"$1,000,000.00","$1,000.00",0,0,3,"$25,000.00","$1,000.00","$1,000.00",2,$155.88,$1.15,$79.00,$0.00,$0.00,$69.79,$759.90,$0.00,$184.29,"$1,250.00",0.975,0.975,0.96,$1.15
Ontario,5811,Hospitality,"$150,000.00",2,"$1,000,000.00","$1,000.00",0,0,3,"$25,000.00","$1,000.00","$1,000.00",4,$91.95,$1.77,$79.00,$0.00,$0.00,$81.51,$871.59,$0.00,$124.18,"$1,250.00",0.975,0.975,0.96,$1.77
Ontario,5811,Hospitality,"$350,000.00",6,"$2,000,000.00","$1,000.00",0,0,3,"$25,000.00","$1,000.00","$1,000.00",6,$192.00,$0.15,$79.00,$0.00,$0.00,$239.36,"$2,197.65",$0.00,$850.84,"$3,559.00",0.975,0.975,0.96,$0.15
Ontario,5811,Hospitality,"$250,000.00",6,"$1,000,000.00","$1,000.00",0,0,3,"$25,000.00","$1,000.00","$1,000.00",4,$192.00,$1.66,$79.00,$0.00,$0.00,$76.59,"$1,365.00",$0.00,$194.48,"$1,908.73",0.975,0.975,0.96,$1.66
Ontario,5811,Hospitality,"$100,000.00",6,"$2,000,000.00","$5,000.00",0,0,3,"$400,000.00","$1,000.00","$1,000.00",4,$192.00,$10.42,$273.00,$0.00,$0.00,$755.45,$627.90,$0.00,$47.95,"$1,906.73",0.975,0.975,0.96,$10.42
Ontario,5811,Hospitality,"$232,334.00",2,"$1,000,000.00","$1,000.00",0,0,3,"$25,000.00","$1,000.00","$1,000.00",5,$86.40,$0.67,$79.00,$0.00,$3.17,$239.36,"$1,268.54",$0.00,$564.80,"$2,241.95",0.975,0.975,0.96,$0.67
Ontario,5811,Hospitality,"$100,000.00",6,"$2,000,000.00","$1,000.00",0,0,3,"$500,000.00","$1,000.00","$1,000.00",4,$192.00,$13.03,$326.00,$0.00,$0.00,$891.86,$627.90,$0.00,$45.29,"$2,096.07",0.975,0.975,0.96,$13.03
Ontario,5814,Hospitality,"$300,000.00",2,"$2,000,000.00","$1,000.00",0,0,3,"$125,000.00","$1,000.00","$1,000.00",2,$87.95,$3.23,$136.50,$0.00,$0.00,$157.77,$739.56,$0.00,$124.99,"$1,250.00",0.975,0.975,0.96,$3.23
Ontario,5814,Hospitality,"$550,000.00",6,"$2,000,000.00","$1,000.00",0,0,3,"$25,000.00","$1,000.00","$1,000.00",5,$192.00,$0.43,$79.00,$0.00,$5.13,$145.07,"$1,332.05",$0.00,"$1,053.43","$2,807.09",0.975,0.975,0.96,$0.43
Ontario,5814,Hospitality,"$100,000.00",11,"$2,000,000.00","$1,000.00",0,0,3,"$25,000.00","$1,000.00","$1,000.00",4,$555.66,$0.50,$79.00,$0.00,$0.00,$82.67,$424.69,$0.00,$107.48,"$1,250.00",1,1,1,$0.50
Ontario,5814,Hospitality,"$50,000.00",6,"$2,000,000.00","$1,000.00",0,0,3,"$25,000.00","$1,000.00","$1,000.00",2,$591.05,$1.27,$79.00,$0.00,$15.15,$119.09,$367.04,$0.00,$77.41,"$1,250.00",1,1,1,$1.27
Ontario,5813,Hospitality,"$100,000.00",2,"$2,000,000.00","$1,000.00",0,0,3,"$25,000.00","$1,000.00","$1,000.00",3,$155.82,$1.10,$79.00,$0.00,$0.00,$108.83,$796.41,$0.00,$108.83,"$1,250.00",1,1,1,$1.10
Ontario,5813,Hospitality,"$100,000.00",2,"$2,000,000.00","$1,000.00",0,0,3,"$25,000.00","$1,000.00","$1,000.00",2,$160.80,$1.13,$79.00,$0.00,$0.00,$93.60,$821.87,$0.00,$93.60,"$1,250.00",1,1,1,$1.13
Ontario,5814,Hospitality,"$100,000.00",6,"$2,000,000.00","$1,000.00",0,0,4,"$25,000.00","$1,000.00","$1,000.00",4,$418.28,$0.63,$79.00,$0.00,$0.00,$101.13,$519.50,$0.00,$131.47,"$1,250.00",1,1,1,$0.63
Ontario,5814,Hospitality,"$100,000.00",2,"$2,000,000.00","$1,000.00",0,0,3,"$25,000.00","$1,000.00","$1,000.00",4,$233.98,$2.12,$79.00,$0.00,$0.00,$125.71,$645.77,$0.00,$163.42,"$1,250.00",1,1,1,$2.12
Ontario,5814,Hospitality,"$100,000.00",6,"$2,000,000.00","$1,000.00",0,0,3,"$25,000.00","$1,000.00","$1,000.00",6,$292.20,$0.63,$79.00,$0.00,$7.49,$220.77,$362.91,$0.00,$287.00,"$1,250.00",1,1,1,$0.63
Ontario,5811,Hospitality,"$100,000.00",2,"$1,000,000.00","$1,000.00",0,1,3,"$25,000.00","$1,000.00","$1,000.00",4,$90.00,$0.43,$79.00,$0.00,$5.13,$119.68,$840.00,$0.00,$119.68,"$1,253.91",1,1,1,$0.43
Ontario,5811,Hospitality,"$200,000.00",2,"$1,000,000.00","$1,000.00",0,0,3,"$25,000.00","$1,000.00","$1,000.00",2,$90.00,$0.31,$79.00,$0.00,$5.13,$66.49,"$1,120.00",$0.00,$132.98,"$1,493.90",1,1,1,$0.31
Ontario,5811,Hospitality,"$200,000.00",1,"$1,000,000.00","$1,000.00",0,0,4,"$25,000.00","$1,000.00","$1,000.00",3,$25.00,$0.62,$79.00,$0.00,$0.00,$79.79,"$1,120.00",$0.00,$159.57,"$1,463.98",1,1,1,$0.62
Ontario,5811,Hospitality,"$200,000.00",1,"$2,000,000.00","$1,000.00",0,0,3,"$25,000.00","$1,000.00","$1,000.00",2,$25.00,$0.64,$79.00,$0.00,$0.00,$66.49,"$1,288.00",$0.00,$132.98,"$1,592.10",1,1,1,$0.64
Ontario,5814,Hospitality,"$10,000.00",6,"$2,000,000.00","$2,500.00",0,0,3,"$25,000.00","$1,000.00","$1,000.00",4,$835.54,$3.41,$79.00,$0.00,$0.00,$202.01,$103.77,$0.00,$26.26,"$1,250.00",1,1,1,$3.41
Ontario,5814,Hospitality,"$50,000.00",16,"$2,000,000.00","$1,000.00",0,0,3,"$25,000.00","$1,000.00","$1,000.00",4,$798.97,$0.76,$79.00,$0.00,$9.10,$85.85,$220.51,$0.00,$55.80,"$1,250.00",1,1,1,$0.76
Ontario,5814,Hospitality,"$1,000,000.00",11,"$2,000,000.00","$1,000.00",0,0,3,"$25,000.00","$1,000.00","$1,000.00",4,$325.00,$0.43,$79.00,$0.00,$5.13,$48.36,"$2,484.00",$0.00,$628.62,"$3,570.53",1,1,1,$0.43
Ontario,5813,Hospitality,"$200,000.00",2,"$2,000,000.00","$1,000.00",0,0,3,"$25,000.00","$1,000.00","$1,000.00",4,$90.00,$0.64,$79.00,$0.00,$0.00,$62.86,$920.00,$0.00,$125.72,"$1,278.22",1,1,1,$0.64
Ontario,5814,Hospitality,"$100,000.00",6,"$2,000,000.00","$1,000.00",0,0,3,"$25,000.00","$1,000.00","$1,000.00",4,$414.39,$0.89,$79.00,$0.00,$10.62,$100.19,$514.67,$0.00,$130.25,"$1,250.00",1,1,1,$0.89
Ontario,5811,Hospitality,"$200,000.00",2,"$2,000,000.00","$1,000.00",0,0,3,"$25,000.00","$1,000.00","$1,000.00",4,$90.00,$0.64,$79.00,$0.00,$0.00,$79.79,"$1,288.00",$0.00,$159.57,"$1,696.99",1,1,1,$0.64
Ontario,5811,Hospitality,"$200,000.00",2,"$2,000,000.00","$1,000.00",0,0,3,"$25,000.00","$1,000.00","$1,000.00",2,$90.00,$0.64,$79.00,$0.00,$0.00,$66.49,"$1,288.00",$0.00,$132.98,"$1,657.10",1,1,1,$0.64
Ontario,5811,Hospitality,"$200,000.00",1,"$1,000,000.00","$1,000.00",0,0,3,"$25,000.00","$1,000.00","$1,000.00",3,$25.00,$0.64,$79.00,$0.00,$0.00,$79.79,"$1,120.00",$0.00,$159.57,"$1,463.99",1,1,1,$0.64
Ontario,5811,Hospitality,"$300,000.00",1,"$2,000,000.00","$1,000.00",0,0,3,"$25,000.00","$1,000.00","$1,000.00",2,$25.00,$0.64,$79.00,$0.00,$0.00,$66.49,"$1,932.00",$0.00,$199.47,"$2,302.59",1,1,1,$0.64
Ontario,5811,Hospitality,"$200,000.00",2,"$1,000,000.00","$1,000.00",0,0,3,"$25,000.00","$1,000.00","$1,000.00",2,$90.00,$0.64,$79.00,$0.00,$0.00,$66.49,"$1,120.00",$0.00,$132.98,"$1,489.10",1,1,1,$0.64
Ontario,5811,Hospitality,"$200,000.00",1,"$2,000,000.00","$1,000.00",0,0,3,"$25,000.00","$1,000.00","$1,000.00",4,$25.00,$0.53,$79.00,$0.00,$3.44,$79.79,"$1,288.00",$0.00,$159.57,"$1,635.33",1,1,1,$0.53
Ontario,5811,Hospitality,"$100,000.00",1,"$2,000,000.00","$1,000.00",0,0,3,"$20,000.00","$1,000.00","$1,000.00",2,$37.10,$0.75,$79.00,$0.00,$0.00,$78.92,$955.57,$0.00,$98.66,"$1,250.00",1,1,1,$0.75
Quebec,5811,Hospitality,"$200,000.00",1,"$2,000,000.00","$1,000.00",0,0,1,"$25,000.00","$1,000.00","$1,000.00",4,$25.00,$1.52,$79.00,$0.00,$0.00,$79.79,"$1,288.00",$0.00,$159.57,"$1,632.88",1,1,1,$1.52
Ontario,5811,Hospitality,"$100,000.00",1,"$2,000,000.00","$1,000.00",0,0,3,"$25,000.00","$1,000.00","$1,000.00",2,$36.47,$0.93,$79.00,$0.00,$0.00,$97.01,$939.59,$0.00,$97.01,"$1,250.00",1,1,1,$0.93
Ontario,5811,Hospitality,"$200,000.00",2,"$2,000,000.00","$1,000.00",0,0,3,"$25,000.00","$1,000.00","$1,000.00",3,$90.00,$0.64,$79.00,$0.00,$0.00,$79.79,"$1,288.00",$0.00,$159.57,"$1,696.99",1,1,1,$0.64
Ontario,5813,Hospitality,"$100,000.00",2,"$2,000,000.00","$1,000.00",0,0,3,"$25,000.00","$1,000.00","$1,000.00",4,$155.82,$1.10,$79.00,$0.00,$0.00,$108.83,$796.41,$0.00,$108.83,"$1,250.00",1,1,1,$1.10
Ontario,5814,Hospitality,"$100,000.00",1,"$2,000,000.00","$1,000.00",0,0,3,"$25,000.00","$1,000.00","$1,000.00",4,$75.03,$1.29,$79.00,$0.00,$15.38,$145.13,$745.51,$0.00,$188.66,"$1,250.00",1,1,1,$1.29
Ontario,5811,Hospitality,"$300,000.00",2,"$2,000,000.00","$1,000.00",0,0,3,"$25,000.00","$1,000.00","$1,000.00",5,$90.00,$0.64,$79.00,$0.00,$0.00,$249.33,"$1,932.00",$0.00,$747.99,"$3,098.96",1,1,1,$0.64
Ontario,5811,Hospitality,"$1,000,000.00",6,"$2,000,000.00","$1,000.00",0,0,3,"$25,000.00","$1,000.00","$1,000.00",4,$200.00,$0.64,$79.00,$0.00,$0.00,$79.79,"$6,440.00",$0.00,$797.86,"$7,597.28",1,1,1,$0.64
Ontario,5811,Hospitality,"$400,000.00",2,"$2,000,000.00","$1,000.00",0,0,3,"$25,000.00","$1,000.00","$1,000.00",2,$90.00,$0.64,$79.00,$0.00,$0.00,$66.49,"$2,576.00",$0.00,$265.95,"$3,078.08",1,1,1,$0.64
Ontario,5811,Hospitality,"$2,000,000.00",2,"$2,000,000.00","$1,000.00",0,0,4,"$25,000.00","$1,000.00","$1,000.00",4,$86.40,$0.23,$79.00,$0.00,$0.00,$76.59,"$12,558.00",$0.00,"$1,555.83","$14,356.06",0.975,0.975,0.96,$0.23
Ontario,5811,Hospitality,"$200,000.00",1,"$2,000,000.00","$1,000.00",0,0,4,"$25,000.00","$1,000.00","$1,000.00",4,$25.00,$0.23,$79.00,$0.00,$0.00,$79.79,"$1,288.00",$0.00,$159.57,"$1,631.59",1,1,1,$0.23
Ontario,5811,Hospitality,"$200,000.00",2,"$2,000,000.00","$1,000.00",0,0,3,"$25,000.00","$1,000.00","$1,000.00",4,$90.00,$1.15,$79.00,$0.00,$13.65,$79.79,"$1,288.00",$0.00,$159.57,"$1,711.16",1,1,1,$1.15
Ontario,5811,Hospitality,"$200,000.00",1,"$2,000,000.00","$1,000.00",0,0,6,"$25,000.00","$1,000.00","$1,000.00",5,$25.00,$0.72,$79.00,$0.00,$1.28,$311.66,"$1,288.00",$0.00,$623.33,"$2,329.00",1,1,1,$0.72
Ontario,5811,Hospitality,"$200,000.00",2,"$2,000,000.00","$1,000.00",0,0,3,"$25,000.00","$1,000.00","$1,000.00",6,$90.00,$1.85,$79.00,$0.00,$12.81,$249.33,"$1,288.00",$0.00,$498.66,"$2,219.66",1,1,1,$1.85
Newfoundland and Labrador,5811,Hospitality,"$200,000.00",1,"$2,000,000.00","$1,000.00",0,0,2,"$25,000.00","$1,000.00","$1,000.00",4,$25.00,$0.08,$79.00,$0.00,$0.00,$79.79,"$1,288.00",$0.00,$159.57,"$1,631.44",1,1,1,$0.08
Manitoba,5811,Hospitality,"$300,000.00",1,"$2,000,000.00","$1,000.00",0,0,2,"$25,000.00","$1,000.00","$1,000.00",2,$25.00,$0.04,$79.00,$0.00,$0.00,$66.49,"$1,932.00",$0.00,$199.47,"$2,301.99",1,1,1,$0.04
Ontario,5813,Hospitality,"$234,323.00",11,"$2,000,000.00","$1,000.00",0,0,3,"$25,000.00","$1,000.00","$1,000.00",4,$325.00,$0.65,$79.00,$0.00,$0.00,$62.86,"$1,077.89",$0.00,$147.30,"$1,692.70",1,1,1,$0.65
Ontario,5312,Retail,"$1,000,000.00",26,"$2,000,000.00","$1,000.00",0,0,3,"$250,000.00","$1,000.00","$1,000.00",4,$875.00,$4.27,$210.00,$0.00,$0.00,$430.56,"$2,668.00",$0.00,$430.56,"$4,618.39",1,1,1,$4.27
Ontario,5312,Retail,"$350,000.00",26,"$2,000,000.00","$1,000.00",0,0,3,"$1,000,000.00","$1,000.00","$1,000.00",4,$875.00,$17.09,$473.00,$0.00,$0.00,"$1,257.24",$933.80,$0.00,$110.01,"$3,666.13",1,1,1,$17.09
Quebec,5431,Retail,"$250,000.00",2,"$1,000,000.00","$1,000.00",0,0,4,"$500,000.00","$1,000.00","$1,000.00",4,$90.00,$41.08,$326.00,$0.00,$0.00,$563.04,$700.00,$0.00,$70.38,"$1,790.50",1,1,1,$41.08
Ontario,5994,Retail,"$200,000.00",2,"$2,000,000.00","$1,000.00",0,0,3,"$25,000.00","$1,000.00","$1,000.00",5,$90.00,$0.62,$79.00,$0.00,$5.96,$151.11,$644.00,$0.00,$302.22,"$1,272.91",1,1,1,$0.62
Ontario,5422,Retail,"$200,000.00",2,"$2,000,000.00","$1,000.00",0,0,3,"$25,000.00","$1,000.00","$1,000.00",5,$90.00,$1.10,$79.00,$0.00,$5.13,$151.11,$533.60,$0.00,$392.89,"$1,252.82",1,1,1,$1.10
Ontario,5694,Retail,"$100,000.00",2,"$2,000,000.00","$1,000.00",0,0,3,"$25,000.00","$1,000.00","$1,000.00",4,$148.39,$1.10,$79.00,$0.00,$0.00,$131.55,$758.42,$0.00,$131.55,"$1,250.00",1,1,1,$1.10
Ontario,5994,Retail,"$60,000.00",6,"$2,000,000.00","$1,000.00",0,1,3,"$25,000.00","$1,000.00","$1,000.00",4,$386.16,$1.22,$79.00,$0.00,$0.00,$140.05,$559.55,$0.00,$84.03,"$1,250.00",1,1,1,$1.22
Ontario,5996,Retail,"$112,111.00",2,"$2,000,000.00","$1,000.00",0,0,3,"$25,000.00","$1,000.00","$1,000.00",5,$121.34,$1.17,$79.00,$0.00,$0.00,$264.85,$486.71,$0.00,$296.93,"$1,250.00",1,1,1,$1.17
Ontario,5694,Retail,"$100,000.00",6,"$2,000,000.00","$1,000.00",0,0,3,"$25,000.00","$1,000.00","$1,000.00",4,$285.44,$0.93,$79.00,$0.00,$0.37,$113.87,$656.52,$0.00,$113.87,"$1,250.00",1,1,1,$0.93
Ontario,5422,Retail,"$232,232.00",6,"$2,000,000.00","$1,000.00",0,0,3,"$25,000.00","$1,000.00","$1,000.00",4,$230.92,$0.31,$79.00,$0.00,$0.00,$55.83,$715.38,$0.00,$168.55,"$1,250.00",1,1,1,$0.31
Ontario,5715,Retail,"$45,421.00",2,"$1,000,000.00","$1,000.00",0,0,3,"$25,000.00","$1,000.00","$1,000.00",4,$376.50,$1.65,$79.00,$0.00,$0.00,$262.97,$410.43,$0.00,$119.45,"$1,250.00",1,1,1,$1.65
Ontario,5715,Retail,"$145,321.00",2,"$1,000,000.00","$1,000.00",0,0,3,"$25,000.00","$1,000.00","$1,000.00",5,$118.75,$0.55,$79.00,$0.00,$1.69,$259.19,$414.16,$0.00,$376.66,"$1,250.00",1,1,1,$0.55
Ontario,5433,Retail,"$100,000.00",1,"$1,000,000.00","$1,000.00",0,0,4,"$100,000.00","$1,000.00","$1,000.00",4,$66.39,$3.35,$100.00,$0.00,$15.78,$337.05,$31.09,$696.35,$0.00,"$1,250.00",1,1,1,$3.35
Ontario,5932,Retail,"$1,000,000.00",6,"$2,000,000.00","$1,000.00",0,0,4,"$100,000.00","$1,000.00","$5,000.00",2,$170.52,$3.53,$80.00,$0.00,$68.86,$144.15,"$2,805.26",$0.00,$397.52,"$3,669.83",0.9405,0.8712,0.8526,$3.53
Ontario,5694,Retail,"$300,000.00",2,"$3,000,000.00","$1,000.00",0,0,3,"$50,000.00","$1,000.00","$1,000.00",4,$80.03,$0.58,$84.00,$0.00,$0.00,$141.89,"$1,444.26",$0.00,$245.04,"$1,995.80",1.02375,0.962836875,0.8892,$0.58
Ontario,5992,Retail,"$100,000.00",2,"$1,000,000.00","$1,000.00",0,0,4,"$250,000.00","$1,000.00","$1,000.00",4,$114.33,$3.40,$210.00,$0.00,$0.00,$546.96,$336.27,$0.00,$39.04,"$1,250.00",0.975,1.287667631,1.05072,$3.40
Ontario,5422,Retail,"$200,000.00",1,"$1,000,000.00","$1,000.00",0,0,3,"$25,000.00","$1,000.00","$1,000.00",4,$41.68,$2.10,$79.00,$0.00,$0.00,$80.61,$804.05,$0.00,$242.56,"$1,250.00",0.975,0.875723063,0.8424486,$2.10
Ontario,5996,Retail,"$200,000.00",6,"$2,000,000.00","$1,000.00",0,0,5,"$50,000.00","$1,000.00","$1,000.00",4,$195.98,$2.70,$84.00,$0.00,$16.00,$154.00,$640.92,$0.00,$156.40,"$1,250.00",0.975,0.975,0.96,$2.70
Ontario,5992,Retail,"$50,000.00",16,"$2,000,000.00","$1,000.00",0,0,3,"$25,000.00","$1,000.00","$1,000.00",2,$811.59,$0.53,$79.00,$0.00,$0.00,$94.48,$227.50,$0.00,$36.91,"$1,250.00",0.975,0.975,0.96,$0.53
Ontario,5422,Retail,"$100,000.00",2,"$2,000,000.00","$5,000.00",0,0,3,"$400,000.00","$1,000.00","$1,000.00",4,$96.25,$11.84,$273.00,$0.00,$26.99,$510.05,$289.79,$0.00,$42.09,"$1,250.00",0.975,0.975,0.96,$11.84
Ontario,5422,Retail,"$100,000.00",2,"$2,000,000.00","$1,000.00",0,0,3,"$500,000.00","$1,000.00","$1,000.00",5,$86.40,$13.45,$326.00,$0.00,$63.45,"$1,689.12",$260.13,$0.00,$111.51,"$2,550.06",0.975,0.975,0.96,$13.45
Ontario,5932,Retail,"$300,000.00",16,"$2,000,000.00","$1,000.00",0,0,3,"$300,000.00","$1,000.00","$1,000.00",2,$450.00,$5.13,$231.00,$0.00,$0.00,$413.34,$966.00,$0.00,$103.33,"$2,168.80",1,1,1,$5.13
Ontario,5422,Retail,"$100,000.00",1,"$1,000,000.00","$1,000.00",0,0,3,"$25,000.00","$1,000.00","$1,000.00",4,$78.18,$3.43,$79.00,$0.00,$16.03,$151.22,$725.54,$0.00,$196.59,"$1,250.00",1,1,1,$3.43
Ontario,5694,Retail,"$10,000.00",6,"$2,000,000.00","$1,000.00",0,0,5,"$25,000.00","$1,000.00","$1,000.00",5,$397.54,$0.57,$79.00,$0.00,$0.00,$619.50,$91.44,$0.00,$61.95,"$1,250.00",1,1,1,$0.57
Quebec,5990,Retail,"$100,000.00",2,"$2,000,000.00","$1,000.00",0,0,5,"$25,000.00","$1,000.00","$1,000.00",4,$203.84,$6.93,$79.00,$0.00,$0.00,$177.97,$604.28,$0.00,$177.97,"$1,250.00",1,1,1,$6.93
Ontario,5693,Retail,"$100,000.00",6,"$2,000,000.00","$1,000.00",0,0,3,"$25,000.00","$1,000.00","$1,000.00",4,$395.13,$0.37,$79.00,$0.00,$0.00,$124.19,$527.11,$0.00,$124.19,"$1,250.00",1,1,1,$0.37
Ontario,5694,Retail,"$300,000.00",1,"$2,000,000.00","$1,000.00",0,0,3,"$25,000.00","$1,000.00","$1,000.00",4,$25.00,$0.29,$79.00,$0.00,$0.00,$79.79,"$1,380.00",$0.00,$239.36,"$1,803.43",1,1,1,$0.29
Ontario,5994,Retail,"$500,000.00",2,"$2,000,000.00","$1,000.00",0,0,3,"$25,000.00","$1,000.00","$1,000.00",4,$90.00,$1.08,$79.00,$0.00,$0.00,$48.36,"$1,610.00",$0.00,$241.78,"$2,070.21",1,1,1,$1.08
Ontario,5932,Retail,"$300,000.00",16,"$2,000,000.00","$1,000.00",0,0,3,"$25,000.00","$1,000.00","$1,000.00",4,$450.00,$0.43,$79.00,$0.00,$0.00,$62.86,$966.00,$0.00,$188.59,"$1,746.87",1,1,1,$0.43
Ontario,5694,Retail,"$300,000.00",2,"$2,000,000.00","$1,000.00",0,0,3,"$25,000.00","$1,000.00","$1,000.00",4,$90.00,$1.15,$79.00,$0.00,$1.54,$79.79,"$1,380.00",$0.00,$239.36,"$1,870.83",1,1,1,$1.15
Ontario,5422,Retail,"$300,000.00",2,"$2,000,000.00","$1,000.00",0,0,4,"$25,000.00","$1,000.00","$1,000.00",4,$93.45,$0.44,$79.00,$0.00,$0.00,$50.21,$831.09,$0.00,$195.82,"$1,250.00",1,1,1,$0.44
Ontario,5422,Retail,"$234,232.00",11,"$5,000,000.00","$1,000.00",0,0,3,"$250,000.00","$1,000.00","$1,000.00",4,$325.00,$2.70,$210.00,$0.00,$0.00,$331.20,$760.79,$0.00,$100.85,"$1,730.53",1,1,1,$2.70
Ontario,5422,Retail,"$78,439.00",16,"$2,000,000.00","$1,000.00",0,0,3,"$25,000.00","$1,000.00","$1,000.00",4,$695.91,$0.42,$79.00,$0.00,$0.00,$74.78,$323.64,$0.00,$76.25,"$1,250.00",1,1,1,$0.42
Ontario,5422,Retail,"$132,112.00",11,"$2,000,000.00","$1,000.00",0,0,3,"$25,000.00","$1,000.00","$1,000.00",5,$349.67,$0.29,$79.00,$0.00,$0.00,$162.58,$379.23,$0.00,$279.23,"$1,250.00",1,1,1,$0.29
Ontario,5422,Retail,"$123,123.00",11,"$2,000,000.00","$1,000.00",0,0,3,"$25,000.00","$1,000.00","$1,000.00",4,$488.22,$0.40,$79.00,$0.00,$0.00,$72.64,$493.47,$0.00,$116.27,"$1,250.00",1,1,1,$0.40
Ontario,5422,Retail,"$200,000.00",2,"$2,000,000.00","$1,000.00",0,0,3,"$25,000.00","$1,000.00","$1,000.00",4,$131.68,$1.68,$79.00,$0.00,$2.25,$70.75,$780.70,$0.00,$183.94,"$1,250.00",1,1,1,$1.68
Quebec,5431,Retail,"$500,000.00",2,"$1,000,000.00","$1,000.00",0,0,4,"$500,000.00","$1,000.00","$1,000.00",4,$90.00,$41.08,$326.00,$0.00,$0.00,$563.04,"$1,400.00",$0.00,$140.76,"$2,560.88",1,1,1,$41.08
Ontario,5092,Wholesale,"$500,000.00",6,"$2,000,000.00","$1,000.00",0,0,4,"$500,000.00","$1,000.00","$1,000.00",4,$140.76,$0.00,$326.00,$0.00,$0.00,$731.95,$200.00,$582.19,$226.41,"$2,207.31",1,1,1,$0.00
Ontario,5232,Wholesale,"$50,000.00",6,"$2,000,000.00","$1,000.00",0,0,3,"$25,000.00","$1,000.00","$1,000.00",4,$613.56,$2.02,$79.00,$0.00,$40.34,$192.85,$178.60,$69.46,$74.17,"$1,250.00",1,1,1,$2.02